{
  "project_info": {
    "project_number": "457951582231",
    "firebase_url": "https://jossfm-dc4c6.firebaseio.com",
    "project_id": "jossfm-dc4c6",
    "storage_bucket": "jossfm-dc4c6.appspot.com"
  },
  "client": [
    {
      "client_info": {
        "mobilesdk_app_id": "1:457951582231:android:b7d5c03674b726af3c6452",
        "android_client_info": {
          "package_name": "com.akapps.jossfm4u"
        }
      },
      "oauth_client": [
        {
          "client_id": "457951582231-5bcs7rcvfosremh2gp2ti11kr995cjfd.apps.googleusercontent.com",
          "client_type": 3
        }
      ],
      "api_key": [
        {
          "current_key": "AIzaSyCx6No6NFfMbnS8QFpFArMlQT4clzmKQUM"
        }
      ],
      "services": {
        "appinvite_service": {
          "other_platform_oauth_client": [
            {
              "client_id": "457951582231-5bcs7rcvfosremh2gp2ti11kr995cjfd.apps.googleusercontent.com",
              "client_type": 3
            }
          ]
        }
      }
    }
  ],
  "configuration_version": "1"
}